Domain,Type,Name
aaa,Work,American Automobile Association
aarp,Work,AARP
abarth,Work,Fiat Chrysler Automobiles N.V.
abb,Work,ABB
abbott,Work,Abbott Laboratories
abbvie,Work,AbbVie
abc,Work,American Broadcasting Companies
accenture,Work,Accenture plc
aco,Work,ACO Severin Ahlmann
aeg,Work,Aktiebolaget Electrolux
aetna,Work,Aetna Life Insurance
afl,Work,Australian Football League
agakhan,Work,Aga Khan Foundation
aig,Work,American International Group
aigo,Work,aigo Digital Technology
airbus,Work,Airbus S.A.S.
airtel,Work,Bharti Airtel Limited
akdn,Work,Aga Khan Foundation
alfaromeo,Work,Alfa Romeo
alibaba,Work,Alibaba
alipay,Work,Alipay
allfinanz,Work,Allfinanz Deutsche Vermögensberatung Aktiengesellschaft
allstate,Work,Allstate Fire and Casualty Insurance Company
ally,Work,Ally Financial
alstom,Work,ALSTOM
americanexpress,Work,American Express
amex,Work,American Express
amica,Work,Amica Mutual Insurance
android,Work,Google Android
anz,Work,Australia and New Zealand Banking
aol,Work,AOL
apple,Work,Apple
aquarelle,Work,Aquarelle.com
aramco,Work,Aramco Services Company
audi,Work,AUDI Aktiengesellschaft
auspost,Work,Australian Postal
axa,Work,AXA
azure,Work,Microsoft Azure
baidu,Work,Baidu
bananarepublic,Work,Banana Republic
barclaycard,Work,Barclays
barclays,Work,Barclays
basketball,Work,FIBA
bauhaus,Work,Werkhaus GmbH
bbc,Work,BBC
bbt,Work,BB&T
bbva,Work,Banco Bilbao Vizcaya Argentaria
bcg,Work,The Boston Consulting Group
bentley,Work,Bentley Motors
bharti,Work,Bharti Enterprises
bing,Work,Microsoft - Bing
blanco,Work,BLANCO
bloomberg,Work,Bloomberg
bms,Work,Bristol-Myers Squibb
bmw,Work,Bayerische Motoren Werke AG
bnl,Work,Banca Nazionale del Lavoro
bnpparibas,Work,BNP Paribas
boehringer,Work,Boehringer Ingelheim
bond,Work,Bond University
booking,Work,Booking.com
bosch,Work,Robert Bosch GmbH
bostik,Work,Bostik SA
bradesco,Work,Bradesco
bridgestone,Work,Bridgestone
brother,Work,Brother Industries
bugatti,Work,Bugatti
cal,Work,Google Calendar
calvinklein,Work,Calvin Klein
canon,Work,Canon
capitalone,Work,Capital One
caravan,Work,Caravan
cartier,Work,Richemont DNS
cba,Work,Commonwealth Bank of Australia
cbn,Work,Christian Broadcasting Network
cbre,Work,CBRE
cbs,Work,CBS
cern,Work,CERN
cfa,Work,CFA Institute
chanel,Work,Chanel
chase,Work,JPMorgan Chase Bank
chintai,Work,Chintai
chrome,Work,Google Chrome
chrysler,Work,FCA US LLC
cisco,Work,Cisco
citadel,Work,Citadel
citi,Work,Citigroup
citic,Work,CITIC
clubmed,Work,Club Méditerranée S.A.
comcast,Work,Comcast
commbank,Work,Commonwealth Bank of Australia
creditunion,Work,CUNA Performance Resources
crown,Work,Crown
crs,Work,Federated Co-operatives Limited
csc,Work,DXC Technology
cuisinella,Work,Cuisinella
dabur,Work,Dabur
datsun,Work,Nissan Motor
dealer,Work,Dealer.com
dell,Work,DELL
deloitte,Work,Deloitte
delta,Work,Delta Air Lines
dhl,Work,DHL
discover,Work,Discover Financial Services
dish,Work,Dish DBS Corporation
dnp,Work,Dai Nippon Printing
dodge,Work,FCA US LLC - Dodge
dunlop,Work,Dunlop
dupont,Work,du Pont
dvag,Work,Deutsche Vermögensberatung Aktiengesellschaft
edeka,Work,Edeka
emerck,Work,Merck KGaA
epson,Work,Seiko Epson
ericsson,Work,Telefonaktiebolaget L M Ericsson
erni,Work,ERNI
esurance,Work,Esurance Insurance
etisalat,Work,Emirates Telecommunications
eurovision,Work,European Broadcasting Union
everbank,Work,EverBank
extraspace,Work,Extra Space Storage
fage,Work,Fage
fairwinds,Work,FairWinds
farmers,Work,Farmers Insurance Exchange
fedex,Work,FedEx
ferrari,Work,Ferrari
ferrero,Work,Ferrero
fiat,Work,Fiat Chrysler Automobiles
fidelity,Work,Fidelity Brokerage Services
firestone,Work,Bridgestone Licensing Services
firmdale,Work,Firmdale Holdings
flickr,Work,Yahoo!
flir,Work,FLIR Systems
flsmidth,Work,FLSmidth
ford,Work,Ford Motor
fox,Work,FOX
fresenius,Work,Fresenius Immobilien-Verwaltungs-GmbH
forex,Work,Dotforex
frogans,Work,OP3FT
frontier,Work,Frontier Communications
fujitsu,Work,Fujitsu
fujixerox,Work,Xerox
gallo,Work,Gallo Vineyards
gallup,Work,Gallup
gap,Work,The Gap
gbiz,Work,Google
gea,Work,GEA Group Aktiengesellschaft
genting,Work,Resorts World
giving,Work,Giving
gle,Work,Google
globo,Work,Grupo Globo
gmail,Work,Google Mail
gmo,Work,GMO Internet
gmx,Work,Global Message Exchange
godaddy,Work,GoDaddy
goldpoint,Work,Yodobashi Camera
goodyear,Work,Goodyear Tire & Rubber Company
google,Work,Google
grainger,Work,Grainger
guardian,Work,Guardian Life Insurance
gucci,Work,GUCCI
hbo,Work,HBO
hdfc,Work,Housing Development Finance
hdfcbank,Work,HDFC Bank
hermes,Work,Hermès
hisamitsu,Work,Hisamitsu Pharmaceutical
hitachi,Work,Hitachi
hkt,Work,PCCW-HKT
honda,Work,Honda Motor
honeywell,Work,Honeywell
hotmail,Work,Microsoft - HoTMaiL
hsbc,Work,HSBC
hughes,Work,Hughes Satellite Systems
hyatt,Work,Hyatt
hyundai,Work,Hyundai
ibm,Work,IBM
ieee,Work,IEEE
ifm,Work,ifm electronic
ikano,Work,Ikano
imdb,Work,Amazon - IMDb
infiniti,Work,Nissan - Infiniti
intel,Work,Intel
intuit,Work,Intuit
ipiranga,Work,Ipiranga Produtos de Petroleo
iselect,Work,iSelect
itau,Work,Itau Unibanco
itv,Work,ITV
iveco,Work,CNH
jaguar,Work,Jaguar Land Rover
java,Work,Oracle
jcb,Work,JCB
jcp,Work,JCP Media
jeep,Work,FCA - Jeep
jpmorgan,Work,JPMorgan Chase Bank
juniper,Work,Juniper Networks
kddi,Work,KDDI
kerryhotels,Work,Kerry Trading
kerrylogistics,Work,Kerry Trading
kerryproperties,Work,Kerry Trading
kfh,Work,Kuwait Finance House
kia,Work,Kia Motors
kindle,Work,Amazon Kindle
komatsu,Work,Komatsu
kpmg,Work,KPMG
kred,Work,Kred
kuokgroup,Work,Kerry Trading
lacaixa,Work,Caixa d’Estalvis i Pensions de Barcelona
ladbrokes,Work,Ladbrokes
lamborghini,Work,Automobili Lamborghini
lancaster,Work,Lancaster
lancia,Work,Lancia
lancome,Work,L'Oréal
landrover,Work,Jaguar Land Rover
lanxess,Work,Lanxess
lasalle,Work,Jones Lang LaSalle
latrobe,Work,La Trobe University
lds,Work,LDS Church
lego,Work,LEGO
liaison,Work,Liaison Technologies
lexus,Work,Toyota - Lexus
lidl,Work,Schwarz
lifestyle,Work,Lifestyle
lilly,Work,Eli Lilly
lincoln,Work,Ford - Lincoln
linde,Work,Linde Aktiengesellschaft
lipsy,Work,Lipsy Ltd
lixil,Work,LIXIL Group
locus,Work,Locus Analytics
lotte,Work,Lotte
lpl,Work,LPL
lplfinancial,Work,LPL
lundbeck,Work,H. Lundbeck
lupin,Work,Lupin
macys,Work,Macy's
maif,Work,MAIF
man,Work,MAN SE
mango,Work,MANGO
marriott,Work,Marriott
maserati,Work,Maserati
mattel,Work,Mattel
mckinsey,Work,McKinsey
metlife,Work,MetLife
microsoft,Work,Microsoft
mini,Work,BMW - Mini
mit,Work,MIT
mitsubishi,Work,Mitsubishi
mlb,Work,MLB
mma,Work,MMA IARD
monash,Work,Monash University
mormon,Work,LDS Church - Mormon
moto,Work,Motorola
movistar,Work,Telefónica
msd,Work,MSD
mtn,Work,MTN Dubai
mtr,Work,MTR
mutual,Work,Northwestern Mutual
nadex,Work,Nadex
nationwide,Work,Nationwide Mutual Insurance
natura,Work,Natura Cosméticos
nba,Work,NBA
nec,Work,NEC
netflix,Work,Netflix
neustar,Work,Neustar
newholland,Work,CNH Industrial N.V.
nexus,Work,Google Nexus
nfl,Work,NFL
nhk,Work,NHK
nico,Work,Niconico
nike,Work,NIKE
nikon,Work,Nikon
nissan,Work,Nissan
nissay,Work,Nippon Life Insurance
nokia,Work,NOKIA
northwesternmutual,Work,Northwestern Mutual
norton,Work,Symantec
nra,Work,National Rifle Association
ntt,Work,NT&T
obi,Work,OBI
office,Work,Microsoft Office
omega,Work,Swatch
oracle,Work,Oracle
orange,Work,Orange
otsuka,Work,Otsuka
ovh,Work,OVH
panasonic,Work,Panasonic
pccw,Work,PCCW
pfizer,Work,Pfizer
philips,Work,Koninklijke Philips
piaget,Work,Piaget
pictet,Work,Pictet Europe
ping,Work,Ping
pioneer,Work,Pioneer
play,Work,Charleston Road
playstation,Work,SONY
pohl,Work,Deutsche Vermögensberatung Aktiengesellschaft
politie,Work,Politie Nederland
praxi,Work,Praxi
prod,Work,Google products
progressive,Work,Progressive Casualty Insurance
pru,Work,Prudential Financial
prudential,Work,Prudential Financial
pwc,Work,PwC
quest,Work,Quest ION
qvc,Work,QVC
redstone,Work,Redstone Haute Couture
reliance,Work,Reliance
rexroth,Work,Robert Bosch GmbH
ricoh,Work,Ricoh
rmit,Work,Royal Melbourne Institute of Technology
rocher,Work,Ferrero Trading Lux S.A.
rogers,Work,Rogers Communications
rwe,Work,RWE AG
safety,Work,Safety
sakura,Work,SAKURA
samsung,Work,SAMSUNG SDS
sandvik,Work,Sandvik
sandvikcoromant,Work,Sandvik Coromant
sanofi,Work,Sanofi
sap,Work,SAP SE
saxo,Work,Saxo Bank A/S
sbi,Work,State Bank of India
sbs,Work,Special Broadcasting Service
sca,Work,Svenska Cellulosa Aktiebolaget
scb,Work,Siam Commercial Bank
schaeffler,Work,Schaeffler Technologies
schmidt,Work,Cuisines Schmidt
schwarz,Work,Schwarz
scjohnson,Work,Johnson
scor,Work,SCOR SE
seat,Work,SEAT - Sociedad Unipersonal
sener,Work,"Sener Ingeniería y Sistemas, S.A."
ses,Work,SES
sew,Work,SEW-EURODRIVE
seven,Work,Seven West Media
sfr,Work,Societe Francaise du Radiotelephone
seek,Work,Seek Limited
shangrila,Work,Shangri‐La
sharp,Work,Sharp
shaw,Work,Shaw Cablesystems
shell,Work,Shell
shriram,Work,Shriram
sina,Work,Sina
sky,Work,Sky plc
skype,Work,Microsoft - Skype
smart,Work,Smart Communications
sncf,Work,SNCF
softbank,Work,SoftBank
sohu,Work,Sohu
sony,Work,SONY
spiegel,Work,Spiegel-Verlag
stada,Work,STADA Arzneimittel AG
staples,Work,Staples
star,Work,Star India
starhub,Work,StarHub Limited
statebank,Work,State Bank of India
statefarm,Work,State Farm Mutual Automobile Insurance
statoil,Work,Statoil ASA
stc,Work,Saudi Telecom
stcgroup,Work,Saudi Telecom
suzuki,Work,Suzuki Motor
swatch,Work,Swatch
swiftcover,Work,Swiftcover Insurance
symantec,Work,Symantec
taobao,Work,Alibaba - Taobao
target,Work,Target
tatamotors,Work,Tata Motors
tdk,Work,TDK
telecity,Work,TelecityGroup
telefonica,Work,Telefónica S.A.
temasek,Work,Temasek
teva,Work,Teva Pharmaceutical Industries
tiffany,Work,Tiffany
tjx,Work,TJX Companies
toray,Work,Toray Industries
toshiba,Work,TOSHIBA
total,Work,Total SA
toyota,Work,Toyota
travelchannel,Work,Lifestyle
travelers,Work,"Travelers TLD, LLC"
tui,Work,TUI AG
tvs,Work,TVS
ubs,Work,UBS AG
unicom,Work,China Unicom
uol,Work,Universo Online
ups,Work,UPS
vanguard,Work,Vanguard
verisign,Work,VeriSign
vig,Work,Vienna Insurance Group
viking,Work,Viking River Cruises
virgin,Work,Virgin Enterprises
visa,Work,Visa Worldwide
vista,Work,Vistaprint
vistaprint,Work,Vistaprint
vivo,Work,Telefónica Brasil
volkswagen,Work,Volkswagen
volvo,Work,Volvo
walmart,Work,Walmart
walter,Work,Sandvik
weatherchannel,Work,IBM - Weather
weber,Work,Saint-Gobain Weber SA
weir,Work,Weir
williamhill,Work,William Hill
windows,Work,Microsoft Windows
wme,Work,William Morris Endeavor
wolterskluwer,Work,Wolters Kluwer N.V.
woodside,Work,Woodside Petroleum
wtc,Work,World Trade Centers Association
xbox,Work,Microsoft - Xbox
xerox,Work,Xerox
xfinity,Work,Comcast
yahoo,Work,Yahoo!
yamaxun,Work,Amazon - Yamaxun
yandex,Work,Yandex
yodobashi,Work,YODOBASHI CAMERA
youtube,Work,Google - YouTube
zappos,Work,Amazon - Zappos
zara,Work,INDITEX - ZARA
zip,Work,Charleston Road (Google)
zippo,Work,ZIPPO
